Arevalo Viera, Vanessa (167582) - vanearevi92
Barbitta Martínez, Ana Lorena (169140) - lorenabarbitta
Barrios Garcia, Pedro Gabriel (182770) - pedrobarrios
Britos Gonzalez, Steffano Michele (169248) - steffanoB
Cabrera Costa, Fernando Guzmán (91321) - fgcabrera
Carrion Rivero, Marcos (212327)
Casanova Sosa, Martín Adrián (172811) - MartinCasanova933
Foderé Barrenechea, Andrés María (138937)
Francescoli Rocca, Paola (150273) - paofran
Fraque Bueri, Danilo (201671)
Garcia Fischer, Sebastian (205205) - SebaGF
Gutiérrez Vidal, Sebastián (199027) - sgutierrez95
Hernández Gobertti, Fernando Agustín (173631) - ferhernandezgobertti
Kuster Garese, Gustavo Luis (94068) - gkuster@gmail.com
La Cava Acuña, Renzo (181303) - rlacava93
Lamela de León, Gonzalo (152427) - gonlam
Luzardo Chiarelli, Maximiliano (170464) - mluzardo170464
Martello Cauda, Franco Javier (218127) - martellocauda
Martinez Rodriguez, Daiana Genoveva (171496) - daiamartin
Mendez Schiaffino, Rodrigo (205138) - RodrigoMendez
Moreno Aonzo, Lucila (212880) - lucilamoreno
Pereira Machado, Pablo Cristiano (210162) - invict1
Possi Pezzali, Vivian Alejandra (168014)
Ravina Agrelo, Hernán Néstor (177255) - hravina
Rodríguez Fernández, Carolina (173620) - carorod96
Rodriguez Trias, John Facundo (194592)
Sterenstein Sprigings, Sofía (192504) - SofiaSterenstein
Touris Bosano, Joaquín (178611) - jtourisORT
Zinola Zinola, Camila Yurasí (205288) - CamilaZinola
